1.213.214.233,credential,10,741,2026-07-13T02:34:54Z,2026-07-13T02:39:31Z,2026-02-24T17:25:04Z
1.214.29.155,credential,3,300,2026-07-02T18:43:39Z,2026-07-02T18:48:17Z,2026-06-18T20:06:05Z
2.57.122.234,credential,7,552,2026-06-25T14:37:43Z,2026-07-22T02:38:22Z,2026-04-05T14:15:05Z
2.180.18.192,credential,4,360,2026-06-25T20:24:18Z,2026-06-25T20:24:38Z,2026-06-29T15:55:39Z
8.134.124.8,credential,4,2110,2026-07-03T12:38:40Z,2026-07-06T18:01:49Z,2026-06-29T15:55:40Z
8.152.5.8,credential,4,400,2026-06-29T22:18:03Z,2026-06-29T22:19:22Z,2026-07-02T06:25:39Z
8.219.182.182,credential,4,952,2026-06-30T19:43:24Z,2026-07-17T08:25:52Z,2026-07-02T06:25:39Z
8.219.197.92,credential,10,2044,2026-07-04T17:12:34Z,2026-07-04T17:12:41Z,2026-02-15T21:30:53Z
8.219.233.233,credential,4,4533,2026-06-24T07:58:28Z,2026-06-25T10:03:56Z,2026-06-18T20:06:21Z
8.222.187.219,credential,12,2392,2026-07-15T14:24:26Z,2026-07-15T14:39:05Z,2026-01-23T08:15:02Z
20.3.129.142,credential,4,1158,2026-06-25T07:34:30Z,2026-07-11T08:46:16Z,2026-06-29T15:55:40Z
20.188.116.111,credential,4,648,2026-06-28T05:55:56Z,2026-06-28T06:22:45Z,2026-06-29T15:55:39Z
23.94.211.156,credential,4,84585,2026-07-09T19:20:10Z,2026-07-10T04:51:01Z,2026-06-18T20:06:16Z
23.148.24.117,credential,4,1896,2026-06-26T23:10:04Z,2026-06-26T23:38:47Z,2026-06-18T20:06:16Z
31.215.86.216,credential,4,480,2026-06-25T19:03:59Z,2026-06-25T19:23:42Z,2026-06-29T15:55:40Z
34.31.193.237,scanner,0,5964,2026-07-17T06:47:54Z,2026-07-18T04:50:30Z,
34.123.134.194,credential,8,403,2026-07-10T19:44:58Z,2026-07-12T12:52:34Z,2026-03-27T00:15:05Z
36.41.184.119,credential,7,624,2026-07-12T10:55:55Z,2026-07-12T11:00:43Z,2026-04-11T18:55:05Z
36.67.66.178,credential,3,270,2026-07-03T00:09:16Z,2026-07-03T00:09:53Z,2026-07-05T12:20:38Z
39.105.205.153,credential,4,1296,2026-07-02T23:05:25Z,2026-07-02T23:32:25Z,2026-06-18T20:06:17Z
39.173.18.65,credential,4,1278,2026-06-25T05:35:08Z,2026-06-25T06:02:05Z,2026-06-18T20:06:17Z
39.185.50.192,credential,4,840,2026-06-29T05:07:55Z,2026-06-29T05:35:00Z,2026-06-29T15:55:40Z
42.200.66.164,credential,3,159,2026-07-02T10:36:10Z,2026-07-09T11:16:56Z,2026-06-18T20:06:18Z
43.142.113.25,credential,10,840,2026-06-24T00:13:50Z,2026-06-26T22:18:52Z,2026-02-27T13:25:04Z
43.155.115.76,credential,3,216,2026-07-11T03:46:38Z,2026-07-11T03:58:52Z,2026-07-12T09:35:38Z
43.254.158.134,credential,2,488,2026-07-21T10:22:44Z,2026-07-21T10:59:20Z,2026-07-22T00:20:37Z
45.90.163.37,credential,2,952,2026-07-14T07:34:41Z,2026-07-15T12:57:53Z,2026-07-19T10:25:38Z
45.91.64.7,credential,8,931,2026-07-09T06:45:19Z,2026-07-23T13:48:16Z,2026-03-20T23:30:05Z
45.143.88.46,credential,4,2832,2026-06-27T07:55:15Z,2026-06-27T07:55:37Z,2026-06-29T15:55:40Z
45.148.10.121,credential,13,17344,2026-06-23T21:24:22Z,2026-07-05T07:10:09Z,2026-01-17T21:01:29Z
45.156.87.130,credential,4,338,2026-06-30T16:21:42Z,2026-07-03T06:29:12Z,2026-07-02T06:25:39Z
45.207.221.61,credential,2,31600,2026-07-20T16:42:14Z,2026-07-21T08:17:56Z,2026-07-21T14:41:53Z
46.32.228.2,credential,4,9104,2026-06-24T02:56:34Z,2026-07-05T23:34:41Z,2026-06-18T20:06:19Z
46.151.182.31,credential,3,231,2026-07-12T02:20:56Z,2026-07-22T22:39:37Z,2026-07-12T09:35:38Z
47.80.63.229,credential,4,1296,2026-07-03T20:14:51Z,2026-07-03T20:41:52Z,2026-06-18T20:06:19Z
47.84.64.113,credential,4,8758,2026-07-08T03:54:09Z,2026-07-10T03:25:26Z,2026-06-18T20:06:19Z
47.100.0.134,credential,4,128588,2026-06-25T01:49:11Z,2026-06-26T00:49:16Z,2026-06-29T15:55:40Z
47.236.66.123,credential,9,2418,2026-06-29T23:23:50Z,2026-06-29T23:50:10Z,2026-03-25T20:15:05Z
47.236.202.5,credential,9,2020,2026-06-23T18:10:05Z,2026-07-02T16:27:01Z,2026-03-22T16:45:05Z
47.253.5.130,credential,1,50,2026-06-27T05:34:40Z,2026-07-22T16:08:45Z,2026-07-21T14:41:53Z
49.231.149.154,credential,4,1692,2026-06-24T11:10:12Z,2026-06-24T11:37:10Z,2026-06-29T15:55:40Z
49.251.137.156,credential,1,58,2026-07-23T15:17:56Z,2026-07-23T15:22:53Z,2026-07-23T15:30:12Z
58.151.173.28,credential,2,120,2026-07-03T02:19:50Z,2026-07-03T02:24:28Z,2026-07-05T12:20:38Z
59.36.162.153,credential,4,6012,2026-06-30T17:40:17Z,2026-07-04T17:57:20Z,2026-07-02T06:25:39Z
59.179.31.237,credential,3,81693,2026-07-03T22:32:18Z,2026-07-03T22:32:21Z,2026-06-18T20:06:19Z
60.205.150.186,credential,2,1858,2026-07-17T07:00:55Z,2026-07-17T07:23:37Z,2026-07-19T10:25:38Z
61.76.136.25,credential,7,535,2026-07-04T19:49:20Z,2026-07-07T09:51:43Z,2026-04-10T00:10:06Z
64.89.163.77,credential,3,180,2026-06-28T08:59:13Z,2026-06-28T08:59:14Z,2026-06-29T15:55:40Z
64.89.163.78,credential,3,172,2026-07-06T23:26:16Z,2026-07-21T22:50:54Z,2026-06-18T20:06:20Z
64.89.163.143,credential,8,1334,2026-06-24T01:51:45Z,2026-07-18T10:18:05Z,2026-03-19T21:40:05Z
64.89.163.144,credential,10,1741,2026-07-06T07:02:42Z,2026-07-06T07:02:42Z,2026-02-15T21:30:53Z
64.89.163.148,credential,8,1287,2026-06-26T07:34:22Z,2026-06-27T19:57:18Z,2026-04-05T08:30:06Z
64.89.163.149,credential,7,698,2026-07-12T19:07:13Z,2026-07-12T19:07:13Z,2026-04-11T20:30:06Z
64.89.163.158,credential,3,218,2026-06-29T03:22:58Z,2026-07-21T09:35:47Z,2026-06-18T20:06:20Z
64.89.163.159,credential,3,180,2026-06-25T09:35:13Z,2026-07-22T01:03:39Z,2026-06-29T15:55:40Z
64.89.163.163,credential,7,1521,2026-07-12T20:02:05Z,2026-07-20T14:16:25Z,2026-04-12T13:40:06Z
64.89.163.164,credential,8,2267,2026-07-11T20:07:12Z,2026-07-23T09:12:37Z,2026-03-20T23:30:05Z
64.89.163.168,credential,9,1645,2026-06-24T17:28:50Z,2026-07-18T21:25:28Z,2026-03-29T12:00:06Z
64.89.163.169,credential,8,1717,2026-07-16T12:28:22Z,2026-07-16T12:28:22Z,2026-03-29T05:10:05Z
64.118.157.202,credential,4,856,2026-07-01T02:15:46Z,2026-07-01T02:42:03Z,2026-07-02T06:25:39Z
64.227.102.14,credential,3,81246,2026-07-02T14:03:02Z,2026-07-03T00:49:19Z,2026-07-05T12:20:38Z
66.96.242.186,credential,2,180,2026-07-15T13:52:36Z,2026-07-15T13:53:14Z,2026-07-19T10:25:38Z
67.82.214.2,credential,4,364,2026-06-26T11:56:49Z,2026-06-26T12:03:39Z,2026-06-29T15:55:40Z
67.205.146.126,credential,2,1196,2026-07-12T17:23:03Z,2026-07-19T12:55:32Z,2026-07-19T10:25:38Z
69.4.83.194,credential,3,236,2026-07-11T10:52:53Z,2026-07-12T21:02:33Z,2026-07-12T09:35:38Z
69.6.249.0,credential,4,588,2026-06-24T12:18:15Z,2026-06-24T12:35:21Z,2026-06-29T15:55:40Z
70.32.86.195,credential,3,4347,2026-07-08T05:54:47Z,2026-07-08T10:17:21Z,2026-07-12T09:35:38Z
72.167.43.61,credential,3,16668,2026-07-04T11:20:18Z,2026-07-04T19:18:53Z,2026-07-05T12:20:38Z
73.92.50.154,credential,2,120,2026-07-04T02:23:51Z,2026-07-16T20:50:09Z,2026-07-19T10:25:38Z
77.74.204.176,credential,3,249,2026-07-04T03:02:29Z,2026-07-04T03:06:08Z,2026-06-18T20:06:20Z
77.90.185.21,credential,2,140,2026-07-13T18:28:58Z,2026-07-23T18:03:23Z,2026-07-19T14:25:37Z
77.238.209.82,credential,2,180,2026-07-18T10:56:22Z,2026-07-18T10:56:30Z,2026-07-19T10:25:38Z
80.95.194.124,credential,3,8115,2026-06-30T18:33:07Z,2026-07-07T11:48:14Z,2026-07-05T12:20:38Z
85.97.108.215,credential,3,180,2026-07-05T02:34:53Z,2026-07-10T04:42:11Z,2026-07-12T09:35:38Z
87.251.64.176,credential,7,15911,2026-06-23T18:07:52Z,2026-06-26T14:51:25Z,2026-04-23T00:15:05Z
91.92.40.5,credential,1,56,2026-07-22T20:00:12Z,2026-07-23T09:57:16Z,2026-07-23T10:05:12Z
91.92.40.15,credential,4,643,2026-07-16T04:05:20Z,2026-07-17T07:25:54Z,2026-06-18T20:06:22Z
91.92.47.37,credential,1,150,2026-07-17T20:09:38Z,2026-07-23T03:20:29Z,2026-07-23T03:20:26Z
91.233.83.203,credential,4,4933,2026-06-23T18:23:58Z,2026-07-05T05:28:30Z,2026-06-29T15:55:40Z
92.204.138.191,credential,3,27140,2026-07-07T14:33:56Z,2026-07-14T09:44:28Z,2026-07-12T09:35:38Z
93.118.146.156,credential,3,270,2026-07-06T12:28:55Z,2026-07-06T12:29:13Z,2026-07-12T09:35:38Z
94.130.23.175,scanner,0,1496,2026-07-04T19:41:14Z,2026-07-04T19:43:40Z,
94.154.43.5,credential,2,216,2026-07-20T16:45:23Z,2026-07-21T02:14:05Z,2026-07-21T14:41:53Z
94.154.43.10,credential,4,360,2026-06-30T00:02:34Z,2026-07-17T16:10:30Z,2026-07-02T06:25:39Z
94.154.43.30,credential,2,151,2026-07-13T18:58:36Z,2026-07-21T21:40:57Z,2026-07-19T10:25:38Z
94.154.43.41,credential,3,300,2026-07-06T21:03:57Z,2026-07-10T13:06:48Z,2026-07-12T09:35:38Z
94.154.43.92,credential,2,280,2026-07-12T01:18:49Z,2026-07-23T04:06:01Z,2026-07-19T10:25:38Z
94.154.43.164,credential,2,467,2026-07-21T08:34:44Z,2026-07-21T23:47:10Z,2026-07-21T14:41:53Z
94.154.43.243,credential,3,920,2026-07-11T04:05:10Z,2026-07-13T14:09:39Z,2026-07-12T09:35:38Z
94.183.233.28,scanner,0,5145,2026-07-04T05:32:43Z,2026-07-04T23:43:47Z,
95.42.54.132,credential,1,60,2026-07-15T17:56:44Z,2026-07-15T19:00:49Z,2026-07-19T10:25:38Z
95.79.34.101,credential,2,130,2026-07-12T17:12:14Z,2026-07-21T03:34:29Z,2026-07-21T14:41:53Z
95.215.0.144,credential,4,454,2026-06-25T17:00:41Z,2026-07-08T09:31:21Z,2026-06-18T20:06:22Z
95.227.60.214,credential,3,2790,2026-07-08T05:13:00Z,2026-07-08T05:14:35Z,2026-07-12T09:35:38Z
101.37.117.27,credential,3,1830,2026-07-02T06:46:16Z,2026-07-02T09:12:38Z,2026-07-05T12:20:38Z
101.99.32.140,credential,3,592,2026-07-05T20:59:59Z,2026-07-12T14:47:12Z,2026-07-12T09:35:37Z
102.37.220.188,credential,4,2040,2026-06-24T22:41:19Z,2026-06-25T05:43:53Z,2026-06-29T15:55:39Z
103.131.61.163,credential,2,1465,2026-07-15T17:42:51Z,2026-07-23T13:36:22Z,2026-07-19T10:25:37Z
103.152.40.169,credential,3,261,2026-07-09T18:10:59Z,2026-07-09T18:11:16Z,2026-07-12T09:35:37Z
103.164.117.74,credential,3,270,2026-07-07T06:32:56Z,2026-07-07T06:33:33Z,2026-07-12T09:35:37Z
104.238.81.133,credential,4,5148,2026-06-23T23:37:14Z,2026-06-24T05:29:27Z,2026-06-29T15:55:39Z
106.52.55.240,credential,3,180,2026-07-22T06:47:15Z,2026-07-22T06:51:53Z,2026-06-18T20:06:06Z
112.74.242.167,credential,10,660,2026-07-16T02:46:58Z,2026-07-19T14:58:47Z,2026-03-08T02:45:04Z
113.131.200.15,credential,2,696,2026-07-15T21:56:55Z,2026-07-15T23:12:05Z,2026-07-19T10:25:37Z
114.33.12.13,credential,1,56,2026-07-01T18:33:29Z,2026-07-15T12:46:06Z,2026-07-19T10:25:37Z
114.35.208.214,credential,4,648,2026-06-29T17:02:11Z,2026-06-29T17:29:15Z,2026-07-02T06:25:39Z
114.55.232.178,credential,2,9976,2026-07-19T23:07:04Z,2026-07-20T02:31:57Z,2026-07-21T14:41:53Z
114.66.29.48,credential,4,1570,2026-06-24T20:48:45Z,2026-07-20T00:20:14Z,2026-06-29T15:55:39Z
114.204.56.169,credential,3,300,2026-07-02T23:51:37Z,2026-07-02T23:52:55Z,2026-07-05T12:20:38Z
115.84.178.56,credential,2,480,2026-07-15T15:08:59Z,2026-07-15T22:39:53Z,2026-07-19T10:25:37Z
115.227.26.85,credential,4,480,2026-07-15T17:52:18Z,2026-07-15T18:12:15Z,2026-06-18T20:06:07Z
116.198.220.179,credential,3,843,2026-07-06T20:44:13Z,2026-07-11T12:33:04Z,2026-07-12T09:35:37Z
118.131.199.219,credential,3,240,2026-06-24T13:47:08Z,2026-06-24T13:51:45Z,2026-06-18T20:06:07Z
119.96.223.148,credential,2,124,2026-07-15T01:12:54Z,2026-07-15T01:23:09Z,2026-07-19T10:25:37Z
120.78.78.20,credential,3,624,2026-07-03T04:53:29Z,2026-07-03T05:20:34Z,2026-07-05T12:20:38Z
120.92.16.84,credential,2,240,2026-07-17T17:21:51Z,2026-07-17T17:41:56Z,2026-07-19T10:25:37Z
121.137.29.114,credential,2,116,2026-07-07T14:33:11Z,2026-07-21T04:10:46Z,2026-07-21T14:41:53Z
121.142.87.218,credential,8,467,2026-06-25T00:37:19Z,2026-06-25T00:37:25Z,2026-03-22T00:10:04Z
121.196.55.134,credential,4,3720,2026-06-26T03:07:20Z,2026-06-26T03:24:12Z,2026-06-29T15:55:39Z
122.168.123.76,credential,2,180,2026-07-16T03:44:45Z,2026-07-16T03:45:15Z,2026-07-19T10:25:37Z
125.227.91.167,credential,1,60,2026-06-28T23:41:51Z,2026-07-19T12:18:46Z,2026-07-19T14:25:37Z
128.199.225.7,credential,12,14880,2026-06-26T01:58:20Z,2026-07-13T15:09:07Z,2026-02-02T00:15:02Z
130.12.180.51,credential,12,4600,2026-06-24T01:54:04Z,2026-07-23T12:44:40Z,2026-01-28T00:10:02Z
132.148.29.10,credential,4,6732,2026-06-23T20:19:43Z,2026-06-24T04:02:31Z,2026-06-18T20:06:08Z
132.148.148.91,credential,4,5400,2026-06-29T07:58:47Z,2026-06-29T17:24:53Z,2026-06-29T15:55:39Z
134.122.78.248,credential,4,1884,2026-06-30T06:33:48Z,2026-07-15T23:31:03Z,2026-07-02T06:25:39Z
136.248.247.188,credential,7,547,2026-07-01T13:06:07Z,2026-07-03T07:22:23Z,2026-04-12T00:10:05Z
139.199.80.137,scanner,0,1495,2026-06-23T18:24:52Z,2026-07-23T17:49:35Z,
141.11.88.100,credential,4,540,2026-06-24T18:41:39Z,2026-06-27T19:09:05Z,2026-06-29T15:55:39Z
141.11.88.108,credential,4,726,2026-07-01T19:39:34Z,2026-07-04T22:24:44Z,2026-07-02T06:25:39Z
141.11.88.117,credential,3,180,2026-07-01T23:42:55Z,2026-07-08T06:00:59Z,2026-07-12T09:35:37Z
141.11.88.125,credential,3,201,2026-07-11T16:17:47Z,2026-07-11T16:18:32Z,2026-07-12T09:35:37Z
141.11.88.137,credential,3,435,2026-07-04T22:53:12Z,2026-07-08T21:10:26Z,2026-07-05T12:20:38Z
142.93.218.50,credential,4,2113,2026-07-07T05:12:38Z,2026-07-15T18:38:56Z,2026-06-18T20:06:08Z
147.50.227.79,credential,9,528,2026-06-30T01:33:46Z,2026-06-30T01:33:51Z,2026-02-28T00:10:04Z
152.42.229.216,credential,4,854,2026-06-23T19:58:09Z,2026-06-27T07:16:53Z,2026-06-29T15:55:39Z
154.57.216.142,credential,2,102,2026-07-04T20:03:21Z,2026-07-04T20:03:23Z,2026-07-05T12:20:38Z
160.153.175.11,credential,2,8094,2026-07-12T11:33:37Z,2026-07-12T19:57:24Z,2026-07-19T10:25:37Z
161.35.8.0,credential,2,430,2026-07-13T05:49:34Z,2026-07-15T08:05:21Z,2026-07-19T10:25:37Z
161.142.239.106,credential,4,480,2026-06-27T14:02:37Z,2026-06-27T14:17:41Z,2026-06-29T15:55:39Z
162.241.190.226,credential,4,3720,2026-06-25T02:44:04Z,2026-06-25T02:51:54Z,2026-06-29T15:55:39Z
164.92.244.211,credential,3,1791,2026-07-09T13:50:19Z,2026-07-12T04:58:38Z,2026-07-12T09:35:37Z
165.1.65.252,credential,7,1854,2026-07-03T19:33:50Z,2026-07-03T20:00:37Z,2026-04-25T13:15:06Z
165.22.101.210,credential,4,2752,2026-06-25T08:40:31Z,2026-07-02T13:10:25Z,2026-06-29T15:55:39Z
166.62.41.96,credential,4,4658,2026-06-25T15:31:36Z,2026-07-13T09:57:30Z,2026-06-29T15:55:39Z
166.62.92.145,credential,4,5703,2026-06-23T22:50:42Z,2026-06-23T23:05:52Z,2026-06-18T20:06:10Z
167.71.239.153,credential,4,1073,2026-07-17T10:03:21Z,2026-07-19T01:55:41Z,2026-06-18T20:06:10Z
169.212.47.188,credential,2,120,2026-07-08T21:07:11Z,2026-07-08T21:11:48Z,2026-07-12T09:35:37Z
170.64.147.115,credential,4,849,2026-07-20T06:00:36Z,2026-07-20T06:27:41Z,2026-06-29T15:55:39Z
171.244.37.97,credential,3,189,2026-06-25T15:27:45Z,2026-06-30T18:30:12Z,2026-06-18T20:06:11Z
173.197.14.231,credential,4,11004,2026-06-26T21:52:00Z,2026-07-14T06:52:28Z,2026-06-18T20:06:11Z
173.247.226.62,credential,4,8669,2026-06-23T18:22:24Z,2026-07-23T17:28:07Z,2026-06-18T20:06:11Z
175.195.238.137,credential,3,189,2026-07-01T06:39:18Z,2026-07-18T23:41:16Z,2026-07-12T09:35:37Z
176.53.159.196,credential,3,1253,2026-07-01T15:32:54Z,2026-07-23T18:05:32Z,2026-07-05T12:20:38Z
176.65.139.22,credential,4,2400,2026-06-24T18:18:29Z,2026-06-24T18:38:15Z,2026-06-29T15:55:39Z
177.128.204.185,credential,4,506,2026-06-23T18:52:28Z,2026-07-02T18:09:33Z,2026-06-29T15:55:39Z
181.10.144.116,credential,3,216,2026-07-08T13:32:28Z,2026-07-08T13:44:13Z,2026-07-12T09:35:37Z
182.93.7.194,credential,6,321,2026-07-05T20:01:36Z,2026-07-13T06:56:50Z,2026-04-25T00:10:05Z
182.93.50.90,credential,3,172,2026-06-23T20:17:32Z,2026-06-23T20:17:35Z,2026-06-18T20:06:12Z
182.218.116.96,credential,6,714,2026-07-12T02:48:39Z,2026-07-12T02:53:16Z,2026-04-19T01:50:04Z
183.91.11.226,credential,4,3244,2026-06-23T20:50:42Z,2026-06-25T05:18:31Z,2026-06-29T15:55:39Z
185.242.3.195,credential,3,875,2026-06-28T10:30:43Z,2026-07-23T15:15:00Z,2026-07-05T12:20:38Z
186.5.72.30,credential,1,76,2026-07-12T15:20:15Z,2026-07-12T21:02:47Z,2026-07-19T10:25:37Z
187.191.2.213,credential,12,6910,2026-07-07T10:05:47Z,2026-07-07T10:05:51Z,2026-01-30T00:10:03Z
189.165.78.116,credential,2,160,2026-07-20T10:03:50Z,2026-07-20T10:13:01Z,2026-07-21T14:41:53Z
190.93.152.243,credential,3,300,2026-07-09T13:59:46Z,2026-07-09T14:00:37Z,2026-07-12T09:35:37Z
192.142.28.77,credential,4,565,2026-06-26T01:04:10Z,2026-06-26T01:05:43Z,2026-06-29T15:55:39Z
192.241.138.11,credential,2,352,2026-07-19T01:12:50Z,2026-07-19T16:32:19Z,2026-07-21T14:41:53Z
195.178.110.137,credential,1,50,2026-07-01T22:46:35Z,2026-07-23T11:12:20Z,2026-07-23T02:10:11Z
198.199.94.79,credential,8,600,2026-06-24T11:02:40Z,2026-06-24T11:07:15Z,2026-03-27T12:35:05Z
200.61.163.235,credential,2,180,2026-07-13T04:38:25Z,2026-07-13T04:39:12Z,2026-07-19T10:25:37Z
204.76.203.81,credential,4,371,2026-06-30T02:45:27Z,2026-07-21T08:53:55Z,2026-07-02T06:25:39Z
205.186.144.66,credential,4,40020,2026-07-16T17:57:37Z,2026-07-16T18:24:00Z,2026-06-18T20:06:15Z
208.109.189.59,credential,4,22104,2026-06-28T05:59:51Z,2026-06-28T14:01:38Z,2026-06-18T20:06:15Z
208.109.244.195,credential,4,21699,2026-06-26T01:41:31Z,2026-06-26T04:02:42Z,2026-06-18T20:06:15Z
209.145.54.172,credential,4,776,2026-06-30T06:03:24Z,2026-06-30T06:03:27Z,2026-07-02T06:25:39Z
213.209.159.115,credential,4,5370,2026-07-16T03:36:07Z,2026-07-23T17:40:41Z,2026-06-18T20:06:16Z
213.209.159.154,credential,4,19782,2026-06-23T21:25:59Z,2026-07-13T01:02:29Z,2026-06-18T20:06:16Z
216.144.229.11,credential,3,20069,2026-07-04T17:59:03Z,2026-07-06T03:21:37Z,2026-07-05T12:20:38Z
220.158.233.154,credential,2,372,2026-07-19T08:11:56Z,2026-07-20T19:29:05Z,2026-07-21T14:41:53Z
222.112.46.78,credential,9,1332,2026-07-08T15:16:00Z,2026-07-20T00:29:34Z,2026-03-28T17:05:05Z
